image,label
desk_001.jpg,tidy
desk_002.jpg,tidy
desk_003.jpg,tidy
desk_004.jpg,tidy
desk_005.jpg,tidy
desk_006.jpg,tidy
desk_007.jpg,tidy
desk_008.jpg,tidy
desk_009.jpg,tidy
desk_010.jpg,tidy
desk_011.jpg,tidy
desk_012.jpg,tidy
desk_013.jpg,tidy
desk_014.jpg,tidy
desk_015.jpg,tidy
desk_016.jpg,tidy
desk_017.jpg,tidy
desk_018.jpg,tidy
desk_019.jpg,tidy
desk_020.jpg,untidy
desk_021.jpg,untidy
desk_022.jpg,untidy
desk_023.jpg,untidy
desk_024.jpg,untidy
desk_025.jpg,untidy
desk_026.jpg,untidy
desk_027.jpg,untidy
desk_028.jpg,untidy
desk_029.jpg,untidy
desk_030.jpg,untidy
desk_031.jpg,untidy
desk_032.jpg,untidy
desk_033.jpg,untidy
desk_034.jpg,untidy
desk_035.jpg,untidy
desk_036.jpg,untidy
desk_037.jpg,untidy
desk_038.jpg,untidy
desk_039.jpg,untidy
desk_040.jpg,untidy
desk_041.jpg,untidy
desk_042.jpg,untidy
desk_043.jpg,untidy
desk_044.jpg,untidy
desk_045.jpg,untidy
desk_046.jpg,untidy
desk_047.jpg,untidy
desk_048.jpg,untidy
desk_049.jpg,untidy
desk_050.jpg,untidy
desk_051.jpg,untidy
desk_052.jpg,untidy
desk_053.jpg,untidy
desk_054.jpg,untidy
desk_055.jpg,untidy
desk_056.jpg,untidy
desk_057.jpg,untidy
desk_058.jpg,untidy
desk_059.jpg,untidy
desk_060.jpg,untidy
desk_061.jpg,untidy
desk_062.jpg,untidy
desk_063.jpg,untidy
desk_064.jpg,untidy
desk_065.jpg,untidy
desk_066.jpg,untidy
desk_067.jpg,untidy
desk_068.jpg,untidy
desk_069.jpg,untidy
desk_070.jpg,untidy
desk_071.jpg,untidy
desk_072.jpg,untidy
desk_073.jpg,untidy
desk_074.jpg,untidy
desk_075.jpg,untidy
desk_076.jpg,untidy
desk_077.jpg,untidy
desk_078.jpg,untidy
desk_079.jpg,untidy
desk_080.jpg,untidy
desk_081.jpg,untidy
desk_082.jpg,untidy
desk_083.jpg,untidy
desk_084.jpg,untidy
desk_085.jpg,untidy
desk_086.jpg,untidy
desk_087.jpg,untidy
desk_088.jpg,untidy
desk_089.jpg,untidy
desk_090.jpg,untidy
desk_091.jpg,untidy
desk_092.jpg,untidy
desk_093.jpg,untidy
desk_094.jpg,untidy
desk_095.jpg,untidy
desk_096.jpg,untidy
desk_097.jpg,tidy
desk_098.jpg,tidy
desk_099.jpg,tidy
desk_100.jpg,tidy
desk_101.jpg,tidy
desk_102.jpg,tidy
desk_103.jpg,tidy
desk_104.jpg,tidy
desk_105.jpg,tidy
desk_106.jpg,untidy
desk_107.jpg,untidy
desk_108.jpg,untidy
desk_109.jpg,untidy
desk_110.jpg,untidy
desk_111.jpg,untidy
desk_112.jpg,untidy
desk_113.jpg,untidy
desk_114.jpg,untidy
desk_115.jpg,untidy
desk_116.jpg,untidy
desk_117.jpg,untidy
desk_118.jpg,untidy
desk_119.jpg,untidy
desk_120.jpg,untidy
desk_121.jpg,untidy
desk_122.jpg,untidy
desk_123.jpg,untidy
desk_124.jpg,untidy
desk_125.jpg,untidy
desk_126.jpg,untidy
desk_127.jpg,untidy
desk_128.jpg,untidy
desk_129.jpg,untidy
desk_130.jpg,untidy
desk_131.jpg,untidy
desk_132.jpg,untidy
desk_133.jpg,untidy
desk_134.jpg,untidy
desk_135.jpg,untidy
desk_136.jpg,untidy
desk_137.jpg,untidy
desk_138.jpg,untidy
desk_139.jpg,untidy
